                  epoch,         train/box_loss,         train/cls_loss,         train/dfl_loss,   metrics/precision(B),      metrics/recall(B),       metrics/mAP50(B),    metrics/mAP50-95(B),           val/box_loss,           val/cls_loss,           val/dfl_loss,                 lr/pg0,                 lr/pg1,                 lr/pg2
                      1,                0.83528,                0.73581,                 1.0193,                0.93956,                0.80132,                 0.8884,                0.74921,                0.69559,                0.49208,                0.90754,               3.57e-06,               3.57e-06,               3.57e-06
                      2,                0.83657,                0.76695,                 1.0383,                0.93589,                0.80476,                0.88931,                0.74997,                0.69314,                0.49257,                0.90701,             8.2475e-06,             8.2475e-06,             8.2475e-06
                      3,                0.81547,                0.69175,                  1.024,                0.92913,                0.80578,                0.88904,                 0.7502,                0.69218,                0.49108,                0.90651,             1.2831e-05,             1.2831e-05,             1.2831e-05
                      4,                0.80294,                0.65841,                0.99682,                0.91131,                 0.8173,                 0.8902,                0.74778,                0.69095,                0.49332,                0.90585,              1.732e-05,              1.732e-05,              1.732e-05
